frame,time_ms,right_elbow,left_elbow,right_knee,left_knee,right_shoulder,left_shoulder
0,0,173.2940097148355,17.980477553133316,181.0,181.0,50.17387928685039,87.48689314576386
1,33,178.6910750139415,20.236306477164526,181.0,181.0,46.520362039497016,92.20883987216187
2,66,178.41430961331866,22.445047403288754,176.07344763368818,181.0,43.620551693934964,97.19373020601476
3,100,175.46692717118484,22.46389236510897,177.3745858411387,181.0,39.06389856422006,101.51263857802822
4,133,178.18770179670474,24.99123977676099,175.17332169845204,156.66843910508308,38.68336200705984,105.62959514615942
5,166,179.19831222990405,27.037634266917497,174.68559496022874,160.42525257884407,40.16363429504388,109.6772900077526
6,200,172.75234884052026,27.634332912308984,168.31589446294686,165.64983128899178,43.042100861503165,110.3288509419463
7,233,168.40399318556885,27.451706470437923,163.30761154635977,165.9052030553865,45.36061039010663,108.58953904288619
8,266,172.16296366988135,26.9511125833774,163.65704429900902,164.60307609762518,44.52911499435501,104.69435789519368
9,300,171.31136207172764,24.93258151968847,165.05077684472903,181.0,44.51605790680572,101.03753621314604
10,333,172.63057960035167,22.97862590777558,171.8989341231834,181.0,44.21360813966464,96.8428250275016
11,366,175.25637937496984,21.344478548307677,170.41444702244442,181.0,43.74374657870113,94.25147007896275
12,400,173.75599772674852,21.017663509605608,171.91431441414971,181.0,39.71236627867097,93.19624993773972
13,433,167.64366428310703,19.84012450855893,181.0,181.0,38.06604029952472,91.81454241736651
14,466,159.42654570164245,19.376720425730216,181.0,181.0,34.917704973914155,92.65714773502086
15,500,155.74228432656327,19.928860136458113,165.70089826821717,181.0,36.10499278177003,92.71116341061969
16,533,150.9644663131593,22.453175760129263,181.0,181.0,33.83612569255617,91.62984709967657
17,566,153.54329419817992,30.59198239979811,181.0,181.0,35.290785815795864,92.02847089601738
18,600,153.9860761881658,45.316389614829745,181.0,160.47761765779998,39.02660956926673,89.24145866655572
19,633,157.59581877603077,71.04689228848893,181.0,181.0,44.54868570308863,84.40511153596671
20,666,162.3551557747904,107.15342371646668,181.0,160.77524709836584,47.87211023040703,81.65786006113704
21,700,168.70684696426352,138.17879671279678,171.3823330613202,158.15090103578098,54.80795219457227,76.69995217996497
22,733,174.79730577615905,144.3003664390828,168.6080993450057,162.2765292596632,57.849310196506025,69.94824524739948
23,766,173.74928816184536,181.0,173.61718928823626,161.85070390478134,62.305591611610396,62.88084434359717
24,800,167.50901386503875,156.00371763192936,176.21331380156096,173.29239732855024,60.472777942024834,53.01899469147201
25,833,162.47908281136728,156.9150626147446,179.0866502186431,181.0,53.78015815079308,45.405631568316146
26,866,163.37517882472355,160.84773367997957,181.0,181.0,40.97384470052463,36.79471110828729
27,900,140.07715941188832,164.80339837825386,181.0,181.0,41.50472332166007,29.100848238170308
28,933,127.90327669782643,166.85501377785738,181.0,181.0,34.496883129736986,20.172461487593033
29,966,125.49191780542486,181.0,181.0,181.0,18.32986398085342,181.0
30,1000,123.0199424204994,181.0,181.0,181.0,8.004254074683258,181.0
31,1033,125.02500503253702,181.0,181.0,181.0,9.602520919033402,181.0
32,1066,181.0,181.0,181.0,181.0,42.09767481379539,181.0
33,1100,163.56061110913043,181.0,181.0,181.0,71.17804995405058,181.0
34,1133,161.7056933998469,181.0,181.0,181.0,85.87108144434194,105.21963697668733
35,1166,161.1356125737949,181.0,181.0,181.0,86.0159187457415,181.0
36,1200,150.27992263941357,181.0,181.0,181.0,60.896689441004796,181.0
37,1233,181.0,181.0,181.0,181.0,33.331070448455996,181.0
38,1266,105.97208228231963,181.0,181.0,181.0,8.79894574242521,181.0
39,1300,157.04830898932397,173.75189069923104,181.0,181.0,29.183264450875917,23.503964512078678
40,1333,163.37502262491742,174.5570959829837,176.13339694768447,181.0,62.39703217988608,26.694222311118278
41,1366,171.60395636140754,169.1646872250437,181.0,181.0,67.0022608105826,35.38770428096982
42,1400,172.97829189620276,166.4733259238093,177.04600327857392,161.43555350723784,75.46021481845706,45.351650192232746
43,1433,173.67913706972837,165.84215987659053,179.79841776941166,161.1260899730719,81.59286651407544,51.28733843194846
44,1466,181.0,163.82234243132172,178.2317707016251,155.45390524340507,87.15113177541335,57.70518813292826
45,1500,170.2892553563303,181.0,173.62357737184445,156.36382651570693,91.65685828264907,65.9733043128595
46,1533,176.16681065985094,181.0,169.19458279443015,163.23628282950415,92.59209783463358,71.49085004474959
47,1566,169.90813353737295,173.1489193663575,170.34183464704628,163.2428175120366,95.68682228123335,82.14274992896605
48,1600,170.31928832667293,172.17442661627712,162.73768655097444,168.47167893850119,97.3748224888536,83.47894056676334
49,1633,174.6047973148757,172.0544360933112,160.64246474076924,174.69586182110632,98.10115288764177,85.32828580413435
50,1666,174.169878835627,169.9962654812139,160.43806590559328,171.12832357781926,95.25012650601312,84.15162793486033
51,1700,181.0,171.50550541937986,162.37238518028397,172.56946199352956,92.42834344199181,83.33937350535794
52,1733,170.48163095478895,143.84076485990562,177.72383656659252,171.52016182554513,39.88389279277862,32.63457103725812
53,1766,159.26175074949606,167.78065238381785,178.14813490331355,173.87825938328695,40.95809123124462,31.940343717033393
54,1800,152.31249262419888,181.0,178.72866065713976,175.1981497486089,35.813193203221424,181.0
55,1833,181.0,181.0,161.8536064846536,173.22594629840117,181.0,181.0
56,1866,181.0,75.40679241407655,137.29896394929207,174.15416488774673,181.0,24.213568440741405
57,1900,181.0,86.94472108124799,181.0,181.0,15.031184289459842,4.811565728750453
58,1933,66.68037675627397,95.27818771418866,181.0,181.0,17.71230733333432,14.789438812502162
59,1966,86.16691551942995,55.20213338165437,181.0,162.42534873887087,10.102465484777296,35.29454134286723
60,2000,181.0,181.0,181.0,181.0,181.0,34.21074396730379
61,2033,181.0,181.0,172.73394388903682,181.0,181.0,181.0
62,2066,176.36717048131993,172.38045795229772,179.6835083530007,181.0,41.54899742018626,56.922558209699346
63,2100,174.60219032112136,165.82430985462824,176.0258721973903,181.0,48.51217752736381,69.7245520523217
64,2133,171.88045356178768,163.1142905942048,175.4252670623181,181.0,52.78501180153868,70.53889436006583
65,2166,181.0,181.0,174.8899307938669,181.0,181.0,66.75797242845707
66,2200,181.0,181.0,175.37817005883363,181.0,181.0,181.0
67,2233,87.3303596088921,45.07816574619182,176.81244586706703,176.7464121082952,35.981646580823806,57.963482884398324
68,2266,73.28805150857704,41.730075065009956,178.66571145147697,181.0,24.406429846954993,45.3478359154343
69,2300,71.2290834257256,181.0,177.47237110775143,181.0,14.539267371022865,181.0
70,2333,67.07874699388724,181.0,174.77802168220092,181.0,24.556523141204515,181.0
71,2366,181.0,181.0,176.43148824620508,181.0,181.0,181.0
72,2400,181.0,181.0,176.3810599831921,171.5469491320908,181.0,181.0
73,2433,156.5635763189592,174.10096190735672,170.38874489554107,175.1492955087452,48.556324340967016,43.527168656762754
74,2466,157.90174241326392,175.7357422882701,181.0,177.14416152866875,59.44748639155763,51.94575685077013
75,2500,160.65295347321577,178.0404106208714,179.671333252022,177.0224633924433,66.85611764375248,55.97105825215404
76,2533,149.01402036587695,179.8199141634874,181.0,175.8164913891217,65.6004979488269,46.55768334846676
77,2566,121.34840044032174,162.19315876111796,178.81899685808472,177.74265783666624,63.519695417509446,43.209424301126056
78,2600,181.0,181.0,181.0,181.0,181.0,181.0
79,2633,181.0,181.0,181.0,181.0,32.88598677171143,30.500780278998477
80,2666,181.0,181.0,181.0,181.0,37.103888106882174,21.63549801897655
81,2700,67.07417861976799,74.74601095703403,181.0,175.1002372656182,15.754661208342904,3.3923072410916553
82,2733,66.79876219384187,67.34123964900864,181.0,177.68297247508997,16.411401732589017,8.598885042543328
83,2766,181.0,49.08476911007803,181.0,181.0,181.0,38.68221056536435
84,2800,181.0,58.394589457935524,181.0,181.0,181.0,44.29645722670364
85,2833,150.6646136633409,181.0,166.23421188879706,181.0,32.51816861714892,49.7824289937222
86,2866,154.00318913703057,151.05637827153043,176.42410241571483,177.8110513855513,41.91894903308708,51.9028486791171
87,2900,171.42880200981543,152.34079236763276,174.90975582636463,181.0,57.88756222941261,66.95117712958434
88,2933,176.7140842738417,149.79477478379874,176.40813591566106,181.0,61.86409249299242,72.7357807406694
89,2966,162.726514855147,147.8800806203687,179.57830715212282,181.0,61.336363983553646,69.70745962984113
90,3000,155.52752720466128,120.44141117205862,179.40882589910163,181.0,58.11025403088821,65.57293093722535
91,3033,103.65416944025819,181.0,177.5704075473679,175.83957339238725,54.11495114816426,181.0
92,3066,76.58682613750855,43.7380705590704,173.14813210286283,170.77225286478162,47.0138983827217,55.03131251980618
93,3100,86.72090285417724,181.0,178.99893033889265,168.10889105503037,15.700202675054094,181.0
94,3133,103.0474657120628,181.0,176.13823104590173,181.0,8.093990383372907,181.0
95,3166,74.45139154552753,181.0,176.01455003178543,181.0,8.894357304726231,181.0
96,3200,64.67595085319826,181.0,179.5807229778999,181.0,29.97643575595343,181.0
97,3233,181.0,41.46898048325245,181.0,179.09033437567268,37.64475611525332,29.716350370056027
98,3266,181.0,181.0,181.0,181.0,181.0,181.0
99,3300,139.26801657927365,156.72359605219538,175.52192210375898,177.1143700197678,44.07014771887604,38.37360678983362
100,3333,156.12364489174067,166.738555168969,181.0,173.75729927642945,52.685517701666015,44.54110704172261
101,3366,158.208555766507,175.40281237596068,181.0,175.04871954674246,64.1893135574779,52.96166068757133
102,3400,154.9279979680366,176.1681558430761,174.51038651923363,173.44932876961786,67.23426617834873,50.20147404419575
103,3433,153.29462101471492,172.32730753510168,173.24958502022366,173.7531367020549,65.85993581404935,43.211397853121696
104,3466,137.5625215051178,173.80027647570094,179.3709563195394,178.7163554531204,64.06732551895041,36.86923629882644
105,3500,115.7085566161445,170.9885630048787,181.0,167.55948147899394,61.61899308731224,32.46106797607306
106,3533,96.65809873050328,173.07932315415468,181.0,171.95646402181137,56.57874781393482,28.231188140650445
107,3566,78.1611171213205,176.55427415189675,181.0,176.3134946410225,52.59770861378356,30.82403959538254
108,3600,83.69213285642262,172.71763587824879,162.32456394324404,177.2964437866814,46.057632681675415,30.916638579595514
109,3633,102.13913893032806,146.6509548890919,181.0,179.6298298001751,35.45545663747401,31.381845943887004
110,3666,127.03887831724491,107.89631054457894,181.0,181.0,23.018438345870987,39.78022283423645
111,3700,83.85999076597432,82.2934859406226,174.88842062381076,179.2936957384367,5.035562154143071,40.71092490377513
112,3733,68.73672668506676,52.30473354142381,176.41546302623186,170.83517797607973,12.64961270023554,48.317149585069565
113,3766,56.99191835491919,32.5805763291896,167.85140182958006,176.72450408578138,14.074962656306743,50.5336058135073
114,3800,51.33497832917555,14.302947533599243,179.93313964650363,165.64189783632784,18.95222934772874,60.2759953458937
115,3833,42.99154838414396,8.245306211549307,179.88330205764254,181.0,18.685303975737625,59.93594858296373
116,3866,37.23769576430779,9.479858845081003,177.28618409295652,181.0,21.97886553304334,58.789816939408624
117,3900,37.1538041381255,18.189438657668475,174.14715838107165,181.0,20.657124773171823,57.251842759282795
118,3933,181.0,35.879543879466745,175.45473436866928,181.0,181.0,56.609846185755586
119,3966,92.09563997958718,82.58093781261032,177.076033634617,155.74287660954923,33.47554942682172,49.795327204042785
120,4000,105.1630469158907,125.53903881800397,170.1094239739812,181.0,24.83735609542174,41.39417207448686
121,4033,102.37670744952881,150.5043171393803,174.58275977185764,158.7364743524048,31.583024204008296,42.508864250136234
122,4066,94.68263758302375,172.07808297069977,179.0494002897856,181.0,32.159962251581256,43.993918202381714
123,4100,87.75866466445966,163.1927310810532,178.86782957727556,181.0,28.81758794380651,40.542590365986484
124,4133,78.73423805215505,181.0,178.457631522921,181.0,26.96457229908008,181.0
125,4166,181.0,181.0,181.0,181.0,181.0,181.0
126,4200,57.16801485443158,181.0,181.0,181.0,22.133045315233396,181.0
127,4233,50.9251001536617,181.0,181.0,181.0,12.655527000754127,181.0
128,4266,32.66179603215028,181.0,181.0,181.0,22.994955129170492,181.0
129,4300,30.455142190978385,181.0,181.0,181.0,26.008439535839493,181.0
130,4333,32.47832793246069,181.0,181.0,181.0,37.971442072928745,181.0
131,4366,39.64225866896149,181.0,179.0506862637992,181.0,47.279105703961754,181.0
132,4400,181.0,181.0,181.0,181.0,181.0,181.0
133,4433,101.47361784595653,111.53106894277082,173.11500150980297,159.53134891038815,46.55920739482774,36.778133843124024
134,4466,118.44471884265946,106.65515989161216,175.04372679739342,155.23111120597773,43.695594096036245,40.14375347256423
135,4500,121.52216318942926,112.13333860915124,169.9339229129236,161.1795026524728,42.43212726492381,41.24990355799751
136,4533,128.49914223536726,117.05791309016915,170.99547510440686,163.76493010989216,42.886530022267024,39.96887081254051
137,4566,127.77723410194945,129.11117356594687,175.39909931956237,171.51568631144016,40.894329199382945,34.38866682816907
138,4600,137.1528477408809,130.5362745432144,181.0,171.8600193536863,37.684242662152215,33.062114300493114
139,4633,151.0090394521827,125.15681234426,181.0,169.14069095061882,37.640984843770326,35.97565678864254
140,4666,181.0,109.79461276164076,181.0,181.0,181.0,39.81198253572321
141,4700,174.88903392866231,101.02109779196745,181.0,159.19640700943444,34.118944268413266,38.839099779175406
142,4733,181.0,92.5692409268137,181.0,143.43165609697957,181.0,39.26964502881429
143,4766,181.0,81.76013591238839,181.0,163.52282509669126,181.0,45.81822805872188
144,4800,181.0,83.90503580149041,181.0,181.0,181.0,43.82111446318712
145,4833,181.0,90.61411534178814,181.0,181.0,181.0,40.94048710612613
146,4866,181.0,97.39523460255877,181.0,155.71322949773025,181.0,40.49520934565396
147,4900,181.0,101.13065330549287,181.0,181.0,181.0,39.083291597383415
148,4933,134.13571700868047,97.74703670065186,181.0,161.8491254517512,50.20695646418318,42.012307592435505
149,4966,124.29202364209195,89.58854899704589,181.0,151.26852395188078,48.06297366207058,47.60195323877703
150,5000,115.81668878426436,83.1945220357561,181.0,161.1372973467817,50.05514137691738,52.45156376475705
151,5033,111.85187178172939,86.5546419104555,181.0,174.09799867504248,47.776064038020905,57.306279467870574
152,5066,122.26106643320533,100.94216086476409,181.0,178.19814803284098,47.82291992527837,50.519068826333154
153,5100,139.4801433063723,115.91605073014208,181.0,181.0,39.07745650776199,44.113784326117425
154,5133,150.23876143914484,128.9197427488135,181.0,181.0,34.21180435111446,39.64513638982255
155,5166,151.97882525144843,139.64525013514506,178.52025665818687,178.48622622116963,32.50009877020302,35.59679127757782
156,5200,140.03006542826378,144.9239012207523,170.67702021713927,179.46718761148122,36.59579620893583,32.034681893077995
157,5233,116.44677446184201,143.7367766847228,176.56100175159204,178.90717467355327,42.838285300604184,33.57883801060791
158,5266,104.5694808144887,155.99071167427064,174.73147467817634,171.8189297632115,43.646586148002186,29.226298158611414
159,5300,96.36752371228442,163.38407187276,177.30983214709383,173.0499432549982,44.51140785992391,27.93848997909779
160,5333,85.43284769784925,172.37286548951266,181.0,181.0,47.55055944039239,25.587753480119183
161,5366,81.58434752609521,176.98472726442066,181.0,181.0,48.358055069733204,25.23137014769292
162,5400,181.0,171.78419432961448,171.45556498227984,179.68261252086717,84.08043891060046,41.160144565064776
163,5433,75.65264201110547,177.22196446448373,177.5342680194797,177.74466766916194,81.82733182456487,34.422649795944515
164,5466,43.13666351317499,167.92863134459054,174.62730869506996,177.89689472449274,78.1885908280442,31.207642905722768
165,5500,37.90666195886096,169.74650556525012,178.24201761740144,176.2516427508736,61.74649204232396,24.18080840176242
166,5533,38.203802203567776,181.0,176.57362389831553,174.75665534263865,49.11887168081759,181.0
167,5566,37.965045546304175,181.0,176.63425702356105,168.41736263624787,39.033819866261425,181.0
168,5600,43.04714822277571,181.0,175.4989973110096,169.9458951912756,22.8245605885283,181.0
169,5633,46.3635123273252,181.0,176.19396870307256,174.91274195464482,4.526101906067001,181.0
170,5666,47.79488553554593,181.0,176.11395149628572,172.30438236040558,2.617768626343516,181.0
171,5700,47.38580015642383,181.0,179.0843045775884,169.91336348100631,4.125593260307167,181.0
172,5733,35.955089084795226,181.0,175.43941767837833,174.8298615455431,13.951033666840843,181.0
173,5766,45.150685588426526,181.0,173.3492849492222,173.0878883080425,19.913351454150586,181.0
174,5800,59.81384249253386,181.0,174.1605823868563,174.87643846897458,19.360557881730873,181.0
175,5833,82.20284796444663,181.0,178.91096303262944,168.63179535746468,5.363601296760129,181.0
176,5866,111.59884080712672,181.0,173.17087467681253,166.66001740012507,13.213551399005171,181.0
177,5900,118.51728343888576,181.0,172.92668172988277,166.55940605828886,13.32727657647273,181.0
178,5933,150.33720703365645,181.0,173.85086772079072,162.99517791293437,36.97856510725657,181.0
179,5966,150.0837817040799,181.0,179.80567810832673,173.32823828183615,31.166820765657267,181.0
180,6000,161.71442150175156,181.0,174.56152737462662,170.5616390778978,35.50425386882639,181.0
181,6033,141.67078911634565,181.0,179.08919026546621,171.37814947468937,34.18307886279355,181.0
182,6066,59.41235757525997,148.71787683108394,178.777602137866,173.22440574285505,31.74065421251363,25.44245915894486
183,6100,41.077895007998826,141.73688850606655,179.48238008493485,181.0,29.085154863532804,23.17854155724317
184,6133,181.0,149.56103380638453,171.1486830911514,176.9341258378152,32.3069680092569,29.83584894300236
185,6166,171.06150768412706,163.45126674323706,169.3938894726851,174.49066176023825,29.310466311513704,37.18844762187005
186,6200,161.16298668398406,170.04647644217206,175.3568913810798,178.73249097847662,37.34091109758511,36.845709744894094
187,6233,142.8301378574682,178.390077882418,174.5524652829705,175.37587043237914,42.395782120993765,34.84632258174898
188,6266,152.41777844434483,148.46720989860623,177.07823119389627,175.03457268628347,50.668989663370226,31.936550631673
189,6300,153.78005544351302,104.34413820609959,177.7870209506297,174.63012716576588,54.08737391163375,38.5431993691133
190,6333,168.238425374008,69.03344443457793,176.66507269982773,173.91601460255745,53.3149707692244,46.419560819849835
191,6366,174.21224930408673,55.94851886515518,178.99431927965446,177.1754066772955,45.40404221424584,43.06619185822016
192,6400,164.9522174868218,51.4167589441093,178.9091851343753,173.8629534444135,40.3145263667446,38.53044409430299
193,6433,161.6385648162672,54.254987526003326,173.61622249495613,172.16425068981002,40.814012281503125,26.04592296181729
194,6466,149.5886668237225,41.40130912677533,179.9269940889134,170.37875729359203,29.68975987623987,23.962506794082053
195,6500,148.26145710101952,37.37356322320094,179.39545756179038,177.41194649766067,25.30895435087625,20.002107812951543
196,6533,135.56444493405644,26.51416850724196,178.13952557894063,176.4221340542274,11.7681300940853,22.574948973993934
197,6566,181.0,19.45382415438682,178.87258685498855,174.15367347096668,181.0,26.673626163225357
198,6600,181.0,23.28577753857671,179.10327847229303,167.6196181281801,181.0,27.48731927107456
199,6633,181.0,30.872894355007634,175.93426805704297,175.9292390758667,181.0,26.723693881911657
200,6666,181.0,38.51032728644718,172.26855057079982,178.36451131898716,181.0,29.840027910149537
201,6700,181.0,44.06967337894333,168.26282391162752,178.76993899759916,181.0,29.20111225486231
202,6733,181.0,42.965777228381775,162.67945393120237,178.23824049234847,181.0,34.143637818978235
203,6766,59.084630147652454,41.45964247189118,156.93493461968478,179.60879606634154,18.024065247449943,36.03384936048272
204,6800,181.0,40.89241027317093,158.5629197101676,178.64029720073756,181.0,38.95690227733371
205,6833,181.0,38.74481815871525,154.64572071531254,171.3287492013983,181.0,42.40852819743866
206,6866,178.38355307959546,38.523339746209096,165.06946934324256,178.69953520043103,28.498595114870866,49.446568992148286
207,6900,175.16778561999357,39.17074656589434,169.00905141901922,170.93784516163404,32.036788550050744,51.14869548924872
208,6933,177.21320062300774,41.68327390536297,176.46154359055285,179.56329791683302,37.58284312112196,57.6427464212549
209,6966,177.0356013532239,175.52494947588943,178.18380646643251,179.13345685828742,40.710054943321644,59.050576656320274
210,7000,150.3384528962442,174.09532950520705,177.39243188150897,169.15191085366925,61.368657605519374,62.97092094490335
211,7033,157.79594721303073,176.283155880012,179.7738876377699,172.0331822405675,69.30704632126522,60.75731994406978
212,7066,171.5919067364293,179.7616992818722,174.36004218868482,165.46672804673412,69.83990140975983,59.49892849175943
213,7100,174.7246077166534,179.1402759943467,171.17322899356327,173.10351975509488,68.30710988152482,58.3727270959122
214,7133,173.26763441504397,178.376159308781,169.79206672776857,170.89636603467682,66.71079343595963,55.570707802762435
215,7166,171.62029975640723,175.43361829945437,179.74637523761888,167.88758831064095,67.99763170666776,57.29988982225088
216,7200,173.60530857209926,175.25928829567272,154.35586323918199,170.33762386648453,71.60875450297598,60.84621343340526
217,7233,181.0,176.20204860177876,119.32800882026713,173.08125619336863,73.62979381115584,65.9167699236108
218,7266,181.0,171.4293907542887,103.48217512796657,171.83418447834404,80.2487973701054,68.37207779917307
219,7300,181.0,167.24631917327642,82.51874155893076,175.04715294558142,85.65661788980084,68.8666534300174
220,7333,181.0,167.98879947086718,81.81666652860889,176.17361088741725,90.33960226748438,72.67627355304394
221,7366,173.02049642459255,164.3035037416119,93.95402163264939,174.22853344296314,93.53265206359465,72.46726985834538
222,7400,181.0,165.9017165590657,115.12896354635623,163.5589864156131,89.82230733258837,75.32466907209958
223,7433,181.0,167.1927216366676,152.18268439100154,160.31517084160998,88.38661426850679,76.90372174526021
224,7466,181.0,169.71050895798726,169.2401614445775,160.34733507185055,90.64832347772452,78.7459899156469
225,7500,181.0,165.49769292688615,150.17084962690072,153.37647680282518,91.6208228779465,77.68351340790113
226,7533,172.25669498575013,160.21581758375956,165.69736422594215,156.66736743581774,93.75144859260027,73.06946576353688
227,7566,181.0,159.6745104550482,167.375574419959,166.35952619763847,97.8327168399117,68.35120991538294
228,7600,181.0,181.0,174.7116378363438,181.0,102.30662561282759,181.0
229,7633,181.0,181.0,176.35916395708685,181.0,100.83503055981741,181.0
230,7666,165.51993802582052,181.0,181.0,181.0,99.95158894154962,181.0
231,7700,165.09868304383238,181.0,181.0,181.0,96.55023194865208,181.0
232,7733,174.59345473943603,181.0,181.0,181.0,96.69457029979029,181.0
233,7766,181.0,181.0,181.0,181.0,96.05525409172711,181.0
234,7800,73.66090875411469,181.0,181.0,181.0,71.04100482569321,181.0
235,7833,181.0,181.0,181.0,181.0,56.11422844675667,181.0
236,7866,139.48752698506496,181.0,181.0,181.0,74.99984800876413,181.0
237,7900,152.48887464102182,181.0,181.0,181.0,74.38937807373112,181.0
238,7933,158.99213458191142,181.0,181.0,181.0,69.56924067729435,181.0
239,7966,158.74652970183024,181.0,181.0,181.0,73.08442016132868,181.0
240,8000,173.12953323407555,181.0,181.0,181.0,67.75737415321562,181.0
241,8033,177.63682182660338,181.0,181.0,181.0,58.72882567877726,181.0
242,8066,169.2869524887563,181.0,152.3465353796449,181.0,48.4319701977174,181.0
243,8100,152.9743919294686,181.0,135.39634779884594,181.0,41.1322413042818,181.0
244,8133,121.00489728233288,181.0,133.50908827935555,181.0,41.0548257817159,181.0
245,8166,112.27595142418501,181.0,126.94776924477429,181.0,33.18818759929238,181.0
246,8200,107.4621766831734,181.0,181.0,181.0,29.15104169059172,181.0
247,8233,103.5641528882417,181.0,129.35554146992982,181.0,28.053032346847843,181.0
248,8266,100.95463707778597,181.0,181.0,181.0,33.85270286744773,181.0
249,8300,91.98000308202239,181.0,137.35568929809136,181.0,33.44616840210741,181.0
250,8333,88.20729741671703,181.0,152.15032621309402,181.0,38.62390854980094,181.0
251,8366,82.12668879001956,181.0,181.0,181.0,32.238323120283965,181.0
252,8400,71.44904520146447,181.0,181.0,181.0,35.873231343663754,181.0
253,8433,70.14668871440759,181.0,124.43874787884968,181.0,40.67468806480334,181.0
254,8466,60.62675522972054,181.0,132.50700021273013,181.0,46.76181433535036,181.0
255,8500,64.64903192597441,181.0,116.24485307209142,181.0,47.12362373455112,181.0
256,8533,69.19557297034494,181.0,123.3044220794337,181.0,51.74188503496803,181.0
257,8566,82.97221803092823,181.0,160.8107593806123,181.0,55.65342757253729,181.0
258,8600,97.52757650217683,181.0,165.7893498635673,181.0,52.95990684668178,181.0
259,8633,117.44549412754277,181.0,158.60474111220506,181.0,51.250199090196375,181.0
260,8666,142.54083458325724,181.0,157.20112494799048,181.0,47.422616693851054,181.0
261,8700,148.79162208997104,181.0,166.5550931083159,181.0,45.52721459779117,181.0
262,8733,148.96913754913908,181.0,139.17376404293853,181.0,40.390815840379425,181.0
263,8766,156.27693232364823,181.0,141.33904923003007,181.0,36.72238685978532,181.0
264,8800,167.2466927290942,181.0,134.69622119185632,181.0,28.199979923996683,181.0
265,8833,157.3574719152412,181.0,132.0496139214416,181.0,26.95788061810887,181.0
266,8866,155.57740816294248,181.0,124.33050019528058,181.0,16.113178339915876,181.0
267,8900,147.39168201511612,181.0,104.33559790267591,181.0,1.764145425588549,181.0
268,8933,137.8510809001166,181.0,86.83976440752109,181.0,8.317843077209883,181.0
269,8966,128.42423972147657,181.0,181.0,181.0,2.0018013987551786,181.0
270,9000,122.50934580607017,181.0,181.0,181.0,9.670294048301885,181.0
271,9033,116.75316863485854,181.0,181.0,181.0,18.12049380387268,181.0
272,9066,112.89600340217274,181.0,181.0,181.0,30.75020065176803,181.0
273,9100,111.9342250512089,181.0,160.7394518591562,181.0,34.42567733768985,181.0
274,9133,96.59940618227546,181.0,110.74153306881556,80.70337883176909,41.40110560469963,181.0
275,9166,181.0,181.0,181.0,181.0,5.159449112868964,181.0
276,9200,181.0,168.08693328929255,181.0,181.0,181.0,51.526357083166786
277,9233,181.0,162.71048739564438,181.0,181.0,181.0,48.184161528105086
278,9266,181.0,154.0585816963728,181.0,181.0,77.79586847853405,44.62849669840981
279,9300,181.0,181.0,181.0,181.0,53.31569385145956,37.137686331609075
280,9333,181.0,181.0,181.0,181.0,181.0,181.0
281,9366,157.5394733834403,181.0,181.0,181.0,26.188860801317915,181.0
282,9400,142.20414024570124,181.0,181.0,181.0,27.295086467506923,181.0
283,9433,104.81859240171532,169.06305203859858,181.0,181.0,34.9358713756898,26.671002249254133
284,9466,71.98755329244409,181.0,181.0,181.0,58.843330330797386,35.982134081775904
285,9500,46.779292273444874,181.0,181.0,181.0,67.19070644206685,181.0
286,9533,45.684906421821076,159.87269481543743,181.0,181.0,85.46810927107148,57.38372536044553
287,9566,181.0,181.0,181.0,181.0,68.07692987022419,181.0
288,9600,89.59247530790118,156.0360169492009,181.0,181.0,96.51495660924589,76.24793726031028
289,9633,117.10571501357053,131.18916426122405,139.63221439912925,181.0,89.54801156897028,74.65095086146083
290,9666,123.7686814847081,105.07309915447067,181.0,181.0,81.05481000367747,66.55248427207725
291,9700,129.60037999225844,181.0,137.8477362580295,181.0,70.83318706674116,181.0
292,9733,173.42373713918414,181.0,143.48847023257295,181.0,19.009855215998936,181.0
293,9766,140.70401554312173,181.0,145.27574575681655,181.0,56.96089777737702,181.0
294,9800,144.8325168208219,181.0,142.64036940307864,181.0,52.586587777433785,181.0
295,9833,146.9053566225713,181.0,140.55221464489307,181.0,50.92167484854743,181.0
296,9866,151.87564640891011,62.11011123914982,181.0,181.0,54.73348759320953,35.92762979100591
297,9900,166.80373390829666,71.10596173815465,181.0,181.0,55.85936044063811,49.30631835208527
298,9933,181.0,86.41271432041783,181.0,181.0,69.08769480388969,74.20701380239608
299,9966,136.2662449176077,101.90456064536141,181.0,181.0,81.91515371350827,84.56884064105505
300,10000,3.8570283247447814,161.42347309106455,181.0,181.0,96.98220564797738,94.17502831448624
301,10033,22.355433429455125,120.75072429236883,181.0,173.92463558758982,101.85176699835566,99.11920425970796
302,10066,137.1684845083748,102.79669895887349,181.0,166.2087067744689,100.32997303822461,93.20466609304752
303,10100,168.02909310010745,113.74526957757591,181.0,163.56484934350837,93.99621097580666,81.17217564938248
304,10133,113.68013348563647,119.98366821338595,101.45350123749441,171.44834997398814,69.54092861974313,70.88183886431031
305,10166,92.22930971197161,138.49213588161598,109.47815770322225,179.5753283685221,41.00959643063986,54.71517399941738
306,10200,70.58168914776662,160.3433470077659,142.06178583685832,174.6642823575146,11.669396902621724,39.20749377900222
307,10233,66.22424590284994,153.9746722296869,165.82102387029684,175.63594394804488,5.1886881775457665,31.91564364334882
308,10266,75.13500704162487,131.17761811124763,168.1686637806737,155.61313888541952,16.50933867146666,39.25407404682743
309,10300,88.5167921423318,88.76533646522525,160.9117888860273,165.16624097239955,38.78613955998214,52.634810365974005
310,10333,105.30486413985928,66.7280216507498,140.1343690594363,171.7832806238905,54.55677072671274,60.67246154489771
311,10366,119.20946045413415,54.08813692863069,121.73193567988365,172.32842502186384,71.4915912294754,68.32913766502091
312,10400,133.06973818811406,45.947147252548724,130.89356839128283,118.9374734253741,98.3528301067424,66.79083058235705
313,10433,181.0,43.7477981574801,181.0,162.81405486127017,181.0,84.49103593769402
314,10466,144.44012249925814,41.33478456672046,181.0,166.72108090025174,103.80673928364372,96.2817221022242
315,10500,139.43818435481816,48.783841611181394,181.0,181.0,106.02329266021835,85.14274847106297
316,10533,126.50618449341898,61.249397212338756,71.85680009981745,178.61545736224812,84.96153601910738,73.15476506720292
317,10566,109.42594826597174,80.14888041510446,85.57894401629409,177.1402403256756,71.06642170265268,64.30278457507909
318,10600,88.8477774133715,110.89419026994054,102.71621928473395,174.8067399654067,37.299171184084535,51.38751488590332
319,10633,83.09489590715773,134.34051062460634,131.27222460715004,166.55989410004236,23.46297580975285,44.45091443513894
320,10666,78.45162271763087,144.94380212909564,141.94961449071184,169.8002213986159,10.913161163317481,41.51182098169816
321,10700,71.56281254329095,150.54902843798376,147.07749176386702,167.5402813665789,11.186977854034273,38.85564499717455
322,10733,67.85070086212916,154.03203722671992,160.04890818148505,161.72668704974458,12.24569686611212,41.513544917303605
323,10766,66.57857385499803,148.27804049648134,165.51085627796652,169.88534316711727,23.573498511418393,41.957222124686716
324,10800,53.999223805073854,119.17369271916375,181.0,166.77508434274938,57.60402820687104,49.73979291894296
325,10833,27.005528892445586,134.58056258379085,181.0,170.29697245114136,74.13653098182216,57.836860261936174
326,10866,8.348981317922574,181.0,181.0,181.0,95.67671871278489,181.0
327,10900,1.8079674708467883,181.0,181.0,181.0,98.94124574471768,181.0
328,10933,8.510069237404553,7.018454927384314,179.58617283745548,105.54672996848896,91.73357220667299,64.59663412320494
329,10966,17.05863870965579,2.100567505549187,178.2039036300157,95.90275458560889,86.09590103930174,59.67944164349596
330,11000,23.625282721196815,181.0,177.45622518887373,101.30860222573844,77.34506343652917,181.0
331,11033,25.023698191643614,181.0,177.8244784344887,111.17982594221648,72.49886962725432,181.0
332,11066,25.325128829115698,181.0,176.58216118022824,113.01315373967424,72.2528915377664,181.0
333,11100,24.92997412011272,181.0,178.32872432267908,122.67715170913411,72.21222745732074,181.0
334,11133,26.28734160075288,181.0,179.90929144449973,126.57974609019801,73.61855598572184,181.0
335,11166,29.903780752704343,181.0,175.63307977604447,129.21339302788908,71.37930311456412,181.0
336,11200,41.17149989848419,181.0,171.7457101391408,140.17577301982107,68.18646918886489,181.0
337,11233,54.03451969363877,181.0,171.08722866246507,147.1686741844816,62.27139825462522,181.0
338,11266,64.14260361441706,176.1465782830674,172.42813960641328,167.58201188338253,58.775559150550095,12.489933829018389
339,11300,74.46433125416493,125.07261799834609,177.13979808242294,177.31176607561125,53.568077573732246,33.796224032594644
340,11333,81.21504463488391,91.12646692759088,160.96968398494883,176.93301164886677,60.209627483696586,64.06535288129919
341,11366,90.52502904688282,71.23328016715053,131.09098466649996,178.093330959741,58.23194613461496,76.27270663641666
342,11400,110.84926943687145,61.300848880824184,181.0,178.10217998117096,54.724172372791664,85.35363000972015
343,11433,181.0,65.71020126562227,181.0,177.54372692503276,181.0,83.62716934188515
344,11466,181.0,84.93246622972698,100.57387658882175,177.80310507399653,181.0,74.00636366496458
345,11500,181.0,115.37437247259726,115.14232306535425,179.4474188969229,181.0,62.82471782079553
346,11533,138.15659287755778,137.7451850091477,131.4863205963215,177.62833690222968,9.39754999843615,51.508782423424414
347,11566,181.0,161.21605415447746,153.65279473725704,178.3963833737692,181.0,40.59142530353355
348,11600,131.05686257826684,173.50711969049962,161.9801985170158,178.68076418970026,3.9040029195977546,34.06670592389232
349,11633,181.0,171.87967953190486,164.642015756282,178.71691780519527,181.0,30.181355817937103
350,11666,181.0,166.5941139665533,181.0,179.75217028006094,181.0,28.64487780980072
351,11700,149.08366909906184,156.40898843205238,181.0,179.723458420864,9.835904848127777,31.01774324058854
352,11733,162.5594519365489,153.04724969005233,166.05733862369146,176.9260991616689,22.190087222758542,30.808072487050694
353,11766,151.94790966720527,147.8291136076323,181.0,175.9322226570959,33.380000854958595,33.02480590669426
354,11800,119.61506983350003,135.55025198548162,181.0,174.25593772039446,37.43662301312201,29.310092198146396
355,11833,112.06522097621352,122.02853568317585,173.3946885139298,153.71966841738768,36.5982016953353,31.178846003302915
356,11866,181.0,128.18159167912273,177.6275702273475,134.91016889286288,181.0,18.36854319006567
357,11900,161.55113957017963,137.32568384169525,179.5427318720524,118.4320464880862,11.658129846103346,12.004374734412458
358,11933,172.5828911143622,143.8006874889045,179.31362648226664,115.57349515977897,30.478336831232028,0.8745455980065616
359,11966,174.07183433306443,134.24744819073155,174.00910019563437,126.01337469350555,37.663434558577514,1.3241433539378216
360,12000,168.197960477645,125.32404544119358,172.65571385871033,139.89099905786486,38.98835111096057,3.9869790822035416
361,12033,168.34445661787515,181.0,178.60749896394447,150.01109286995262,35.68918807754656,181.0
362,12066,165.532067456225,181.0,177.9675856340175,148.14251895832226,36.22374942672238,181.0
363,12100,164.21771475156345,121.83980188649555,176.513260027828,151.40001090315675,33.90762584103546,9.933870746133877
364,12133,163.7332077503487,135.22245961943216,177.53881526253224,167.18770194339854,27.570855733173406,9.840614192615357
365,12166,157.16114229211325,149.17226967706915,177.40571180027726,176.61642904944665,15.708577246400159,10.161348550510143
366,12200,155.3959961981971,153.99580621470116,176.44680217660527,177.78858538795845,4.927688071801014,11.749522883739688
367,12233,156.19283719431905,153.52412052662183,169.1267906612439,179.8598468224434,3.240013977845655,20.549369973348654
368,12266,168.5979747782544,151.2024727619494,143.2408291262502,177.80020999035918,12.894853876041235,33.330421454795456
369,12300,178.53044911847738,147.74019259939564,112.03843529947892,175.75254549243587,26.819271624193973,46.03934650378434
370,12333,176.23287768733528,158.50709155548137,92.16729135037545,176.55008935813166,39.68940651794484,48.4822081131487
371,12366,176.71278691429234,163.6220756019467,86.23932504943237,178.43742671528878,44.60728799297407,47.724400706430565
372,12400,173.38345802695417,160.97551146093937,86.84292708676631,178.27252489781682,43.31366986985835,46.66645342594918
373,12433,170.35148848582097,158.0713277227045,110.18442255599263,177.15985020781184,38.10507468642258,42.63358511213347
374,12466,175.06590340093396,159.68958081090216,132.58753037806366,178.69799243292493,34.307389665951106,35.87777543539813
375,12500,174.7275418084774,161.27787064256918,181.0,178.91613608555645,29.828586856634953,29.563322362484623
376,12533,179.61485762571098,155.25436658377416,181.0,181.0,25.858676751813036,30.279564237920198
377,12566,176.63505825811615,159.2677202970197,175.9176203564575,178.77911774981646,23.572097432450494,29.059369378622062
378,12600,174.32343190531714,163.489084355108,181.0,181.0,22.605017533300753,29.682308290356808
379,12633,170.09170543276585,169.7413404354454,181.0,173.87538500962995,27.330542275828222,31.33915676672641
380,12666,174.1012406347314,174.04303328121685,176.06042947114085,176.46329940057828,38.39283986652749,29.832160006384665
381,12700,108.90560227255871,173.35539349619296,170.98997990446924,173.92841034702806,61.92926628616369,33.34676749922902
382,12733,71.48688603076604,174.9107853261974,162.9467997833792,181.0,87.31949829442952,31.30487164674277
383,12766,55.61612006423195,172.1316106544019,163.65191604989417,181.0,100.17207650863017,32.8336997562581
384,12800,68.2384178013312,167.5885089962634,173.58354134964694,125.9054385162836,101.98106479777654,33.849606381074906
385,12833,87.16845865273413,165.47886711693977,179.5587676975522,132.4357143354587,97.08623207392449,36.01646112557702
386,12866,127.04741062336255,161.22104424450742,171.39806856013155,148.60155597761306,81.22508455599653,35.233424530219295
387,12900,149.59334728515122,164.91824297088343,169.32813053444394,155.92129382229166,67.08368698009856,38.32345228788848
388,12933,167.46819032375203,173.84774089664327,172.50576311918064,164.78129791741645,53.76718513291375,46.63464919243296
389,12966,171.65117181743074,177.87074802840678,179.1543315923911,161.73353163133314,37.789637272804626,52.888922457863316
390,13000,148.8273511038435,174.91275673952254,181.0,165.61259988415722,23.9788734828627,62.42498963019665
391,13033,160.9007016305284,174.1220831158072,181.0,173.63027414826072,32.3594543641516,59.97887144588785
392,13066,172.30921444868224,170.73598061366636,181.0,173.15216424973136,40.30944113223227,55.35018710618912
393,13100,168.47439548262426,160.732905367262,172.84001446289915,175.10512450386173,46.22535522000912,47.04271211801447
394,13133,170.01446696295403,160.46012169063184,176.20834734972448,167.19051280028947,61.99991402277283,45.03319205862076
395,13166,127.39115864531695,167.01554262708078,181.0,177.020232590623,77.17404522760741,46.584170171242675
396,13200,78.29470799867755,169.23298930935562,181.0,177.50283016682616,94.33626222370458,50.02479132009304
397,13233,58.41731440070179,173.62443418380428,181.0,177.98408165364592,106.04323742281797,55.50161223327413
398,13266,64.64872736728452,173.04215744541068,181.0,174.77308750513504,109.54363090707373,60.3190662478563
399,13300,85.53314199648882,171.17665643363762,181.0,174.56449215752176,103.49570297779925,61.747739849758936
400,13333,100.42871464705784,168.7681468887475,181.0,178.20141045483976,93.31236170922257,61.954596930233386
401,13366,130.17284127157356,168.64374593510146,181.0,171.56855894137294,77.15835232682863,64.45890260075834
402,13400,176.91827238142517,173.52287820826416,181.0,164.2553054535729,53.58037550489587,70.06765115784901
403,13433,162.94406261735702,176.6432601821323,181.0,164.82216416239663,34.519792007085194,73.32555636690385
